{
  "model_name": "cancellation_rate",
  "model_type": "classification",
  "metrics": {
    "accuracy": 0.7407407407407407,
    "precision": 0.764021164021164,
    "recall": 0.7407407407407407,
    "f1_score": 0.7496043051598607,
    "test_samples": 81
  },
  "parameters": {
    "n_estimators": 100,
    "max_depth": 10,
    "min_samples_split": 5,
    "min_samples_leaf": 2
  },
  "timestamp": "2026-04-26T03:37:43.637901"
}